2014-03-27T00:00:00Z,566.444816,566.444816,551.4061050399999,556.93093652,13087.834490835909
2014-03-28T00:00:00Z,559.6634344,564.8791146599999,557.14036154,558.45674738,41115.57444282445
2014-03-31T00:00:00Z,565.33785518,565.447554,555.40512566,555.44501614,10801.574711560252
2014-04-01T00:00:00Z,557.18025202,566.8935839000001,557.18025202,565.60711592,7953.777442637943
2014-04-02T00:00:00Z,598.34722738,603.1739754600001,560.65072378,565.447554,147099.75914052676
2014-04-03T00:00:00Z,568.2897507,585.67202736,562.58541206,568.18005188,5101497.901253632
2014-04-04T00:00:00Z,573.0766083,576.18806574,541.513266,541.65288268,6395167.969901591
2014-04-07T00:00:00Z,539.25945388,546.97826176,525.7066633,536.6765452999999,4401620.637304941
2014-04-08T00:00:00Z,541.1143612,553.48041,540.12707182,553.3806837999999,3161060.9849768667
2014-04-09T00:00:00Z,558.08776044,563.82201694,551.4360229,562.5953846799999,3333870.1364335553
2014-04-10T00:00:00Z,563.45303,563.45303,538.4217537999999,539.4688789,4038801.2377890665
2014-04-11T00:00:00Z,531.0918780999999,538.52148,525.08836086,529.1472172,3926922.914941109
2014-04-14T00:00:00Z,536.7762715,542.6102542,528.111061982,531.06196024,2575070.543147137
2014-04-15T00:00:00Z,535.35018684,536.9757239,517.0405562462,534.97122728,3858016.248488361
2014-04-16T00:00:00Z,541.513266,555.474934,538.52148,555.01619348,4893286.819311274
2014-04-17T00:00:00Z,547.30735822,547.995469,529.6957113,534.6321582,6814049.868540063
2014-04-21T00:00:00Z,534.6321582,535.2305154000001,524.1609072,527.17263844,2568245.8571568956
2014-04-22T00:00:00Z,527.19258368,535.7590642600001,526.06567762,533.3456902199999,2365898.830999276
2014-04-23T00:00:00Z,532.32848298,532.40826394,524.8091275,525.49723828,2056697.2370350019
2014-04-24T00:00:00Z,528.61866834,530.1943423,520.69043544,523.72211192,1887131.96732654
2014-04-25T00:00:00Z,521.07936762,523.2633714,514.0087800399999,514.7666991599999,2103022.074439816
2014-04-28T00:00:00Z,515.7639611599999,517.1800732,501.4233336,515.7340432999999,3335561.768121116
2014-04-29T00:00:00Z,515.4847278,528.01033852,514.90631584,526.2551574,2699881.2749307603
2014-04-30T00:00:00Z,526.1554312000001,526.554336,521.08934024,525.21800492,1751700.155024457
2014-05-01T00:00:00Z,525.66677282,531.4708376599999,522.44561656,529.8951637,1905649.6687931556
2014-05-02T00:00:00Z,532.29856512,532.5378082738,524.17087982,526.4845276599999,1689668.311837812
2014-05-05T00:00:00Z,523.38304284,527.4518717999999,519.89262584,526.36485622,1024212.293258943
2014-05-06T00:00:00Z,523.79192026,525.3675942199999,513.6497657199999,513.72954668,1689005.4970509254
2014-05-07T00:00:00Z,514.3777669799999,515.26533016,501.9219646,508.56372952,3224906.794804174
2014-05-08T00:00:00Z,507.06783651999996,515.81382426,505.06333989999996,509.600882,2021666.3223907058
2014-05-09T00:00:00Z,509.3515665,518.4765138,502.8195004,517.30971726,2439462.247634022
2014-05-12T00:00:00Z,522.07662962,528.73833978,517.58895062,528.46907904,1913631.5231102759
2014-05-13T00:00:00Z,529.43642318,534.6022403400001,528.0602016199999,531.63039958,1653434.1025728444
2014-05-14T00:00:00Z,531.540646,531.540646,523.85175598,525.2080323,1195135.280397729
2014-05-15T00:00:00Z,524.2606334000001,524.43016794,516.00330404,518.55629476,1708435.696938217
2014-05-16T00:00:00Z,519.96243418,520.3713115999999,514.02872528,519.20451506,1485755.9999278022
2014-05-19T00:00:00Z,518.2770614,528.32946236,516.1658577459999,527.41198132,1279866.2738578226
2014-05-20T00:00:00Z,528.28957188,534.76180226,524.8589906,528.31948974,1785000.3309060207
2014-05-21T00:00:00Z,531.4409198,537.7065174936,530.45363042,537.46438228,1196665.4700570162
2014-05-22T00:00:00Z,539.64838606,546.1005714738001,539.29934436,543.5676257199999,1616262.3262492705
2014-05-23T00:00:00Z,545.76160212,552.12413368,542.2113494,551.1867074,1934929.8378961596
2014-05-27T00:00:00Z,554.477672,564.450292,552.8321897,564.4004289000001,2106064.40433908
2014-05-28T00:00:00Z,563.0242073400001,566.2852540800001,559.463982,560.14212016,1652240.8354073453
2014-05-29T00:00:00Z,561.8075477,562.455768,557.18025202,558.54650096,1354365.2520601407
2014-05-30T00:00:00Z,559.2645296,559.8130237,554.38791842,558.35702118,1771644.7633620854
2014-06-02T00:00:00Z,559.1648034,559.3642558,544.23579126,552.4133396599999,1438928.7870188577
2014-06-03T00:00:00Z,549.48138938,550.82769308,541.0644980999999,543.4479542800001,1867032.9361792589
2014-06-04T00:00:00Z,540.017373,547.10790582,537.2749024999999,543.1687209199999,1817059.1078372584
2014-06-05T00:00:00Z,544.9039568,553.4305469000001,542.9592959,552.3834218,1689511.8835371246
2014-06-06T00:00:00Z,556.53203172,556.53203172,547.4270296599999,554.8067684600001,1737348.8611819162
2014-06-09T00:00:00Z,555.6245233,561.3587798,554.5175624799999,560.58091544,1467694.5476715246
2014-06-10T00:00:00Z,558.9753236199999,562.0568632000001,556.3724698,559.0152141,1353148.9217477452
2014-06-11T00:00:00Z,556.4721959999999,558.34704856,553.5004549662,557.30989608,1100392.8756936493
2014-06-12T00:00:00Z,555.7741126,556.46222338,546.95831652,549.8404037,1461104.5041323144
2014-06-13T00:00:00Z,550.74791212,550.7878026,544.06625672,550.24928112,1220517.777675275
2014-06-16T00:00:00Z,547.75612612,548.11514044,540.03731824,542.7897613599999,1708705.4354823506
2014-06-17T00:00:00Z,542.7099804000001,543.8269138400001,537.85331446,541.52323862,1449847.6829559333
2014-06-18T00:00:00Z,543.36817332,552.0443527199999,542.510528,551.85487294,1742112.9051342576
2014-06-19T00:00:00Z,552.72249088,553.48041,547.00817962,553.3806837999999,2458071.198942705
2014-06-20T00:00:00Z,555.3253447,556.05334596,548.884528073,554.83668632,4509308.4866364105
2014-06-23T00:00:00Z,553.6299993,563.45303,552.7324635,563.4031669000001,1538872.4327207895
2014-06-24T00:00:00Z,563.6425097800001,571.0780952519999,559.47395462,563.07407044,2207834.049627881
2014-06-25T00:00:00Z,563.71231812,578.3720695200001,563.67242764,577.0656563,1969840.4230783887
2014-06-26T00:00:00Z,579.409222,580.8552519,570.2842747,574.422912,1741979.5399804665
2014-06-27T00:00:00Z,575.5996811599999,578.28231594,572.2289356,575.65951688,2237299.726651572
2014-06-30T00:00:00Z,577.07562892,577.98313734,573.1763344999999,573.7048833599999,1314508.123241435
2014-07-01T00:00:00Z,576.73655984,582.7999128,575.0711322999999,581.07464954,1450279.866273858
2014-07-02T00:00:00Z,581.7527877,583.8369655537999,578.80089218,580.74056677,1057832.3449605019
2014-07-03T00:00:00Z,581.7527877,583.40824262,579.3294410399999,583.12900926,714165.3848236472
2014-07-07T00:00:00Z,582.16166512,584.8242549337999,578.0030825800001,580.6557995,1064748.2807928107
2014-07-08T00:00:00Z,576.07836692,577.9416512408001,564.58492237,569.52635558,1913887.2232171686
2014-07-09T00:00:00Z,570.01501396,575.14094064,567.8170485119999,574.50269296,1116965.250856846
2014-07-10T00:00:00Z,564.36053842,575.01129658,563.46300262,569.5363282,1357032.5551359623
2014-07-11T00:00:00Z,570.34411042,579.2596327,569.8554520399999,577.5942051599999,1622010.0635540108
2014-07-14T00:00:00Z,581.0048412,583.60769502,576.4473538599999,583.26862594,1857375.4941028536
2014-07-15T00:00:00Z,584.13624388,584.200567279,574.98137872,583.17887236,1623259.4844684748
2014-07-16T00:00:00Z,586.390056,586.7889607999999,580.6059364,581.06467692,1398388.7885029211
2014-07-17T00:00:00Z,577.9432468599999,579.39924938,567.05314582,572.1590275338,3023754.038557571
2014-07-18T00:00:00Z,591.376366,595.1659616,580.406484,593.45067096,4017388.610014219
2014-07-21T00:00:00Z,590.1297885,592.7725328,583.6302331412,587.85603114,2065990.682488654
2014-07-22T00:00:00Z,589.10260864,598.0081583,588.9829372,593.11160188,1699440.066903181
2014-07-23T00:00:00Z,591.60573626,596.2130867,590.877735,594.34820676,1233222.5633785306
2014-07-24T00:00:00Z,594.8169199,597.858569,590.14973374,591.7254077,1036178.0555160028
2014-07-25T00:00:00Z,588.7834848,590.23948732,585.4227118599999,587.40726324,935284.8098092577
2014-07-28T00:00:00Z,586.4598643400001,590.877735,583.1522454645999,588.9829372,986863.03097882
2014-07-29T00:00:00Z,587.1380025,588.0854014,581.9173359299999,584.00659982,1350344.2425360638
2014-07-30T00:00:00Z,584.9440261,587.885949,582.4010079999999,585.8116440399999,1016715.7677721602
2014-07-31T00:00:00Z,579.0103172,582.0518665738,568.43934,570.0349592,2105280.2573446096
2014-08-01T00:00:00Z,568.8382448,574.3829217937999,561.3089167,564.52010034,1955525.228074468
2014-08-04T00:00:00Z,567.48196848,573.7746917000001,562.5554942,571.5807153,1431087.3170741491
2014-08-05T00:00:00Z,568.4892030999999,570.41391876,561.06957382,563.52283834,1560958.905483213
2014-08-06T00:00:00Z,560.24184636,569.1374234,558.46672,564.823267988,1334530.9457294072
2014-08-07T00:00:00Z,566.444816,568.32964118,559.5637082000001,561.81752032,1111944.5040520946
2014-08-08T00:00:00Z,562.0169727199999,568.6886555,558.8157617,567.2127077399999,1496588.6597503966
2014-08-11T00:00:00Z,568.42936738,568.92799838,564.450292,566.32514456,1219306.4610904658
2014-08-12T00:00:00Z,562.9743442399999,564.3505657999999,559.3443105599999,561.18924526,1541979.9410786733
2014-08-13T00:00:00Z,565.75670522,573.42565,564.2009765,573.20625236,1441869.839620882
2014-08-14T00:00:00Z,574.60241916,576.3177098,569.31693056,573.0766083,985624.6402650457
2014-08-15T00:00:00Z,576.27781932,577.7936575599999,568.9579162399999,571.90981176,1521221.1033810573
2014-08-18T00:00:00Z,574.5326108200001,582.90961162,574.422912,580.56604592,1286052.210953591
2014-08-19T00:00:00Z,583.39827,585.73186308,582.4010079999999,585.25317732,981986.6795285492
2014-08-20T00:00:00Z,584.27586056,585.0936154000001,580.97492334,582.88966638,1037620.0035697741
2014-08-21T00:00:00Z,582.2215008400001,582.899639,579.54883868,581.77273294,915360.2563819739
2014-08-22T00:00:00Z,581.99213058,583.633623832,579.05020768,580.9649507199999,791651.5419217818
2014-08-25T00:00:00Z,583.11903664,583.39827,577.414698,578.6114124000001,1362540.6362620855
2014-08-26T00:00:00Z,579.66851012,580.2070315999999,575.00132396,576.27781932,1639955.1973302905
2014-08-27T00:00:00Z,575.68943474,576.90609438,568.5420579859999,569.436602,1704828.8213127544
2014-08-28T00:00:00Z,568.0005447199999,571.6804415,565.5472802,567.6415304000001,1299521.0887409728
2014-08-29T00:00:00Z,569.7656984600001,570.4737544799999,565.5165645304,570.0349592,1084199.5383359639
2014-09-02T00:00:00Z,570.2842747,576.24790146,569.62608178,575.74927046,1581159.2139277342
2014-09-03T00:00:00Z,578.41196,581.39377338,573.42565,576.35760028,1217920.6667856593
2014-09-04T00:00:00Z,578.41196,584.395532,577.63409564,580.38653876,1463964.3343474434
2014-09-05T00:00:00Z,582.38106276,584.9440261,580.3566209,584.47531296,1633950.75717314
2014-09-08T00:00:00Z,584.9938892,590.14973374,584.6947105999999,588.10534664,1433024.62141343
2014-09-09T00:00:00Z,587.2875918,587.3873179999999,578.41196,579.41919462,1290254.7174162858
2014-09-10T00:00:00Z,579.907853,581.902377,575.3603382800001,581.5034722,977822.277395509
2014-09-11T00:00:00Z,578.77097432,580.2170042199999,574.68220012,579.7582637,1221064.2739821633
2014-09-12T00:00:00Z,579.409222,580.04746968,572.88712852,574.04395244,1602063.449725348
2014-09-15T00:00:00Z,571.37129028,573.3757869,566.65424102,571.5308522,1600606.4604888184
2014-09-16T00:00:00Z,571.19178312,579.907853,571.09205692,578.3620969,1482364.7145885434
2014-09-17T00:00:00Z,578.42193262,585.9112705138,577.19031405,583.1688997399999,1695636.653156342
2014-09-18T00:00:00Z,585.392794,587.9258394799999,583.39827,587.65657874,1445971.068786337
2014-09-19T00:00:00Z,589.8804729999999,594.84683776,587.885949,594.44793296,3737277.666250193
2014-09-22T00:00:00Z,592.19412084,592.322767638,581.8624865200001,585.76178094,1692343.6368777715
2014-09-23T00:00:00Z,585.2432047,585.2432047,579.409222,579.53886606,1471732.6038693944
2014-09-24T00:00:00Z,579.86796252,588.01559306,578.9305362399999,586.38008338,1729271.7460406593
2014-09-25T00:00:00Z,585.9412881,586.37011076,572.6078951599999,573.4854857199999,1930636.0815913973
2014-09-26T00:00:00Z,574.4827477199999,577.6640135,573.08658092,575.5199002,1443760.0149208533
2014-09-29T00:00:00Z,570.1845485,576.60691578,569.60613654,574.78192632,1284721.5676522318
2014-09-30T00:00:00Z,575.35036566,578.2623707,571.2815367000001,575.77918832,1622880.4466629631
2014-10-01T00:00:00Z,574.43288462,575.9984862337999,565.45752662,566.71407674,1448994.3465207738
2014-10-02T00:00:00Z,565.75670522,570.34411042,561.77762984,568.51912096,1178533.8256145327
2014-10-03T00:00:00Z,571.4809891,575.64455795,570.932495,573.7048833599999,1141762.144752332
2014-10-06T00:00:00Z,577.2152455999999,579.409222,572.8671832800001,575.7692157,1214645.6999263985
2014-10-07T00:00:00Z,572.8272928,573.69491074,562.19647988,562.19647988,1911661.1281689266
2014-10-08T00:00:00Z,564.0214693400001,572.30871656,555.96359238,570.932495,1993345.7807476872
2014-10-09T00:00:00Z,569.61610916,569.92526038,557.5292937199999,559.3443105599999,2526610.860536148
2014-10-10T00:00:00Z,556.19296264,563.5825743338,542.5603911,542.99918638,3087086.442680058
2014-10-13T00:00:00Z,543.49781738,547.995469,531.6403722,531.7500710200001,2585755.799378699
2014-10-14T00:00:00Z,537.4244917999999,545.69179378,531.709681909,536.46712028,2223317.44315937
2014-10-15T00:00:00Z,529.55609462,531.3411936,516.8808945999999,528.57877786,3722728.8315407587
2014-10-16T00:00:00Z,517.578978,527.9804206599999,513.58993,523.0738916199999,3708577.084056146
2014-10-17T00:00:00Z,525.8063895,529.52617676,507.13764485999997,509.77041654,5545858.560739304
2014-10-20T00:00:00Z,508.0551259,520.33142112,506.7088222,519.41394008,2612658.4588603596
2014-10-21T00:00:00Z,523.75202978,525.3476489799999,517.68867682,525.09833348,2338935.0040410645
2014-10-22T00:00:00Z,528.4391611799999,538.3220276,527.3521456,531.25144002,2925192.1761783767
2014-10-23T00:00:00Z,537.84334184,545.72171164,534.3828427,542.49058276,2351735.0505684563
2014-10-24T00:00:00Z,542.86954232,543.38811856,534.32300698,538.30208236,1977461.2890093075
2014-10-27T00:00:00Z,535.55961186,542.91940542,535.55961186,539.28937174,1188226.3637840408
2014-10-28T00:00:00Z,541.513266,547.47689276,540.13704444,547.3971118,1276868.0647613164
2014-10-29T00:00:00Z,548.4941,552.6726277800001,545.48236876,547.82593446,1771958.6227089772
2014-10-30T00:00:00Z,547.4469749,551.2864335999999,542.02186962,548.8032512199999,1455652.5767551556
2014-10-31T00:00:00Z,557.8184997,558.0378973400001,553.2310945,557.54923896,2038468.3262773475
2014-11-03T00:00:00Z,553.9790409999999,556.3724698,551.71525626,553.69980764,1382295.7256969584
2014-11-04T00:00:00Z,551.4858859999999,553.9790409999999,547.7960165999999,552.59284682,1244167.530699054
2014-11-05T00:00:00Z,555.2754815999999,555.2754815999999,542.5603911,544.42527104,2032304.4495829581
2014-11-06T00:00:00Z,544.006421,545.38762887,539.48882414,540.55589448,1333254.4506859782
2014-11-07T00:00:00Z,544.71447702,544.71447702,537.19512154,539.52871462,1633732.1586503848
2014-11-10T00:00:00Z,539.9774825200001,548.08522258,539.53868724,545.99097238,1134652.6790351984
2014-11-11T00:00:00Z,546.98823438,550.4286885537999,544.8042306,548.7833059799999,967515.0562239412
2014-11-12T00:00:00Z,548.88303218,548.95284052,543.67732454,545.81146522,1129687.0832338943
2014-11-13T00:00:00Z,548.2946476,548.2946476,541.99195176,543.88674956,1339386.2395238162
2014-11-14T00:00:00Z,545.18319016,545.18319016,540.6655933,542.9094328,1289521.7104431936
2014-11-17T00:00:00Z,542.0916779600001,542.30110298,532.598740982,535.04103562,1726007.8093820882
2014-11-18T00:00:00Z,536.028325,540.45616828,532.70744254,533.56508786,1963038.8002350435
2014-11-19T00:00:00Z,533.53517,536.76629888,528.62864096,535.51972138,1392251.9859374969
2014-11-20T00:00:00Z,529.7954374999999,533.64486882,529.6259029600001,533.36563546,1563411.6210183483
2014-11-21T00:00:00Z,540.12707182,540.65562068,535.0908987199999,536.028325,2224339.2408414236
2014-11-24T00:00:00Z,536.1779143,541.2140874,534.15347244,537.79347874,1706353.9972444554
2014-11-25T00:00:00Z,537.524218,542.49058276,537.1273077239999,539.5985229600001,1789867.6576466365
2014-11-26T00:00:00Z,539.39907056,540.0672361,535.571579004,538.89046694,1523674.8216617098
2014-11-28T00:00:00Z,539.13978244,540.516004,535.1307892,540.34646946,1148375.2514384384
2014-12-01T00:00:00Z,537.4244917999999,539.9276194199999,530.40376732,532.3384556,2115390.940394801
2014-12-02T00:00:00Z,532.04924962,534.033801,528.3494076,532.2885924999999,1526660.9978120094
2014-12-03T00:00:00Z,529.98491728,534.528442952,527.81088612,529.8652458400001,1282800.3072412265
2014-12-04T00:00:00Z,529.70568392,535.86876308,527.1427205800001,535.8388452199999,1396030.331046405
2014-12-05T00:00:00Z,529.546122,531.43094718,522.8445213599999,523.8218381199999,2565673.8149052104
2014-12-08T00:00:00Z,525.68671806,529.546122,522.35586298,525.53712876,2333516.1672659745
2014-12-09T00:00:00Z,520.71038068,532.7273877800001,519.074871,531.90963294,1876405.598528772
2014-12-10T00:00:00Z,531.62042696,534.86152846,524.12101672,524.61964772,1721548.6000669834
2014-12-11T00:00:00Z,526.3548836,532.4581270399999,525.6568002,526.89340508,1615386.9294127321
2014-12-12T00:00:00Z,522.07662962,527.052967,517.23990892,517.23990892,1994578.1549883583
2014-12-15T00:00:00Z,521.30873788,521.6677522,511.86466673999996,512.3932156,2820508.5524165165
2014-12-16T00:00:00Z,510.15934871999997,511.64526909999995,487.661118,494.03362217999995,3964225.048181922
2014-12-17T00:00:00Z,495.639214,505.611834,495.44973422,503.50761117999997,2883175.1335155657
2014-12-18T00:00:00Z,511.54554290000004,512.46302394,503.31813139999997,509.70060820000003,2926743.4234935255
2014-12-19T00:00:00Z,510.10948562,516.30248264,505.5226787772,514.9362337,3690251.9097288377
2014-12-22T00:00:00Z,514.6669729600001,525.0185525200001,514.6669729600001,523.43290594,2731076.6879716665
2014-12-23T00:00:00Z,525.557074,533.09637472,524.84901798,529.13724458,2197583.9849507953
2014-12-24T00:00:00Z,529.05746362,530.303043858,525.57701924,527.32222774,705967.9402203233
2014-12-26T00:00:00Z,527.32222774,532.7872235,525.8662252199999,532.56782586,1040576.0973545568
2014-12-29T00:00:00Z,530.73286378,534.01385576,528.5598298819999,528.8779564600001,2282353.082740544
2014-12-30T00:00:00Z,526.64408958,529.6957113,525.68671806,528.9677100399999,876322.370650842
2014-12-31T00:00:00Z,529.7954374999999,531.1417412000001,524.3603595999999,524.9587167999999,1375585.3526956807
2015-01-02T00:00:00Z,527.56157062,529.81538274,522.6650142,523.3730702199999,1450633.8354414387
2015-01-05T00:00:00Z,521.82731412,522.8943844600001,511.65524171999994,512.46302394,2059877.9458156433
2015-01-06T00:00:00Z,513.58993,514.76171285,499.6781251,500.58563352,2899889.8985422086
2015-01-07T00:00:00Z,505.611834,505.855165928,498.2819583,499.7279882,2065020.024827979
2015-01-08T00:00:00Z,496.62650338,502.10147176,489.655642,501.30366216,3353577.094083601
2015-01-09T00:00:00Z,503.37796712,503.53752904,493.43526498,494.81148654000003,2071386.456116848
2015-01-12T00:00:00Z,493.58485428,494.618017712,486.22506072,491.2013981,2326816.824465386
2015-01-13T00:00:00Z,497.47417607999995,501.60284076,491.04183617999996,494.82145916,2372182.034410215
2015-01-14T00:00:00Z,493.2956483,501.85215626,491.650166,499.49861794,2235759.5095371124
2015-01-15T00:00:00Z,504.18574934,504.29544816,496.39713312,500.41609898,2718799.0718587493
2015-01-16T00:00:00Z,498.64097261999996,506.79857577999996,498.631,506.68887695999996,2298335.8435396114
2015-01-20T00:00:00Z,509.600882,511.096775,504.630528192,505.51210779999997,2232033.3071951
2015-01-21T00:00:00Z,505.8611495,517.8582113599999,504.8140244,516.62160648,2268666.6091759237
2015-01-22T00:00:00Z,520.05218776,534.86152846,518.2770614,532.92684018,2676887.317475247
2015-01-23T00:00:00Z,534.12355458,540.6855385399999,531.540646,538.4716169000001,2281732.3832653807
2015-01-26T00:00:00Z,537.0555048599999,537.524218,528.2197635399999,533.74459502,1543750.7896620948
2015-01-27T00:00:00Z,528.51894214,529.2469434000001,516.7711957800001,517.20999106,1904057.3089118006
2015-01-28T00:00:00Z,521.3486283599999,521.55805338,508.60362,508.60362,1683840.3548916935
2015-01-29T00:00:00Z,509.600882,509.69063558,499.8277144,509.26181292,4186386.3257599305
2015-01-30T00:00:00Z,514.44757532,538.39183594,514.10850624,533.0564842399999,5606327.123664593
2015-02-02T00:00:00Z,530.27412326,531.540646,517.1302101,527.03302176,2849778.694064348
2015-02-03T00:00:00Z,526.554336,531.9395508,521.82731412,527.79094088,2038666.8698897583
2015-02-04T00:00:00Z,527.79094088,531.213045433,519.84276274,521.3286831199999,1663680.1562678614
2015-02-05T00:00:00Z,522.35586298,527.052967,520.66051758,526.13548596,1849751.619935383
2015-02-06T00:00:00Z,526.19532168,535.7291464,524.9686894199999,529.546122,1763478.4038697956
2015-02-09T00:00:00Z,526.554336,530.543384,524.5797572399999,526.3848014600001,1267747.0915366274
2015-02-10T00:00:00Z,527.8507765999999,536.2277774,525.47729304,535.46985828,1749867.1362189676
2015-02-11T00:00:00Z,533.8343486,536.9757239,531.917112405,534.50251414,1377742.2583032344
2015-02-12T00:00:00Z,535.7790095,543.32828284,533.209065326,541.4434576599999,1620260.2726264512
2015-02-13T00:00:00Z,541.8623077,548.4043464199999,541.64291006,547.50681062,1900329.1010787536
2015-02-17T00:00:00Z,545.33277946,548.4941,539.6084955800001,541.35370408,1616865.9790506407
2015-02-18T00:00:00Z,539.9176467999999,543.99644838,536.03829762,538.2223014,1453067.4988117465
2015-02-19T00:00:00Z,536.56684648,541.62296482,536.53692862,541.38362194,990189.1378594593
2015-02-20T00:00:00Z,541.64291006,542.2612124999999,534.3329795999999,537.4743549,1445168.872372556
2015-02-23T00:00:00Z,534.5822950999999,534.9702300179999,527.96047542,530.45363042,1457898.7267137424
2015-02-24T00:00:00Z,528.54886,535.3202689799999,526.8036515,534.6221855800001,1005145.0872488875
2015-02-25T00:00:00Z,534.4327058,544.72444964,533.9789515900001,542.38088394,1826040.6994350532
2015-02-26T00:00:00Z,541.7226910200001,554.61728868,540.017373,553.95909576,2311548.0184745835
2015-02-27T00:00:00Z,552.72249088,563.16382402,551.3861598,556.8711008,2410151.996165501
2015-03-02T00:00:00Z,558.99526886,570.5834533,557.2201425,569.77567108,2129626.9185028607
2015-03-03T00:00:00Z,568.8881079,573.81458218,564.96886824,572.06937368,1704751.609907928
2015-03-04T00:00:00Z,570.3042199399999,575.52987282,566.4547886199999,571.80011294,1876832.7681191103
2015-03-05T00:00:00Z,573.44559524,576.32768242,571.8400034199999,573.75474646,1389622.78719133
2015-03-06T00:00:00Z,573.30597856,575.1009504338,565.20821112,566.1306784699999,1659103.6257272412
2015-03-09T00:00:00Z,565.30793732,568.70860074,561.99204117,567.2924887,1062244.425236297
2015-03-10T00:00:00Z,562.7050835,563.3034407,553.21114926,553.49038262,1792264.219432807
2015-03-11T00:00:00Z,553.62002668,556.61181268,549.1722381599999,549.6708691599999,1820748.2085951336
2015-03-12T00:00:00Z,551.99448962,554.84665894,548.95284052,553.98901362,1389576.6608975374
2015-03-13T00:00:00Z,551.984517,556.8711008,542.72992564,545.82143784,1703536.2823410498
2015-03-16T00:00:00Z,549.4414989,555.3253447,544.505052,552.99175162,1640986.0197219988
2015-03-17T00:00:00Z,550.19941802,552.2836956,546.4995759999999,549.33180008,1805513.4959519163
2015-03-18T00:00:00Z,550.987255,558.24732236,545.5024137262,557.968089,2134558.420956579
2015-03-19T00:00:00Z,557.85839018,559.2645296,554.6222749899999,556.46222338,1197327.2820983855
2015-03-20T00:00:00Z,560.1122022999999,560.18201064,557.5193211,558.82573432,2616854.9488499514
2015-03-23T00:00:00Z,558.8955426599999,560.82025832,554.30813746,557.27997822,1643806.7428619561
2015-03-24T00:00:00Z,561.0197107199999,573.0167725800001,559.67340702,568.6288197800001,2583307.0948256324
2015-03-25T00:00:00Z,568.937971,570.69315212,557.21016988,557.25504667,2152276.9342459654
2015-03-26T00:00:00Z,556.06331858,557.3697318,549.1423202999999,553.64994454,1572636.879776829
2015-03-27T00:00:00Z,551.4858859999999,553.7596433599999,546.62922006,546.83864508,1897518.4053939688
2015-03-30T00:00:00Z,550.10966444,551.95459914,546.6691105399999,550.5185418599999,1287483.1288066728
2015-03-31T00:00:00Z,548.4941,553.19120402,545.22308064,546.4995759999999,1588025.0124841817
2015-04-01T00:00:00Z,547.0979332,549.63097868,538.022849,541.0744707199999,1963092.9484929738
2015-04-02T00:00:00Z,539.3691527,539.3691527,532.3850277354001,534.06371886,1716436.6034201644
2015-04-06T00:00:00Z,530.7627816400001,536.93583342,528.1200373400001,535.29533743,1324393.1885502506
2015-04-07T00:00:00Z,536.60673696,541.20411478,534.532432,535.5496392399999,1302865.245040922
2015-04-08T00:00:00Z,536.90591556,542.3609387,536.90591556,540.12707182,1178558.8942524632
2015-04-09T00:00:00Z,539.5486598599999,540.4661409,534.02382838,539.29934436,1557851.3971253291
2015-04-10T00:00:00Z,540.80520998,540.80520998,535.8388452199999,538.53145262,1409433.02762965
2015-04-13T00:00:00Z,536.93583342,542.5703637199999,535.8388452199999,537.69375254,1645313.869374347
2015-04-14T00:00:00Z,534.7817474999999,536.0980336138,526.6465827349999,528.93779218,2604173.226293592
2015-04-15T00:00:00Z,527.2524194,533.2659092600001,521.78742364,531.07193286,2318861.0415317137
2015-04-16T00:00:00Z,528.4491337999999,534.12355458,528.15992782,532.3384556,1299863.024962347
2015-04-17T00:00:00Z,527.21252892,528.38929808,519.58347462,522.6151510999999,2151846.7564190757
2015-04-20T00:00:00Z,524.1609072,534.6221855800001,523.0639189999999,533.91412956,1680087.0784207159
2015-04-21T00:00:00Z,536.03829762,537.91315018,532.21379785,532.5079901400001,1844718.840184425
2015-04-22T00:00:00Z,532.9368128,539.5985229600001,530.2940685,537.88821863,1593611.3077606487
2015-04-23T00:00:00Z,539.518742,549.45147152,538.75085026,545.502314,4184834.0756992646
2015-04-24T00:00:00Z,564.5500182000001,569.57621868,555.7242495,563.5128657199999,4932536.28434654
2015-04-27T00:00:00Z,563.39,565.95,553.2001,555.37,2398039.0
2015-04-28T00:00:00Z,554.64,556.02,550.366,553.68,1490983.0
2015-04-29T00:00:00Z,550.47,553.68,546.905,549.08,1698761.0
2015-04-30T00:00:00Z,547.87,548.59,535.05,537.34,2082214.0
2015-05-01T00:00:00Z,538.43,539.54,532.1,537.9,1768181.0
2015-05-04T00:00:00Z,538.53,544.07,535.06,540.78,1307960.0
2015-05-05T00:00:00Z,538.21,539.74,530.3906,530.8,1383068.0
2015-05-06T00:00:00Z,531.24,532.38,521.085,524.22,1566987.0
2015-05-07T00:00:00Z,523.99,533.46,521.75,530.7,1546278.0
2015-05-08T00:00:00Z,536.65,541.15,525.0,538.22,1527615.0
2015-05-11T00:00:00Z,538.37,541.98,535.4,535.7,905285.0
2015-05-12T00:00:00Z,531.6,533.2089,525.26,529.04,1634174.0
2015-05-13T00:00:00Z,530.56,534.3215,528.655,529.62,1253063.0
2015-05-14T00:00:00Z,533.77,539.0,532.41,538.4,1403935.0
2015-05-15T00:00:00Z,539.18,539.2743,530.38,533.85,1971343.0
2015-05-18T00:00:00Z,532.01,534.82,528.85,532.3,2003421.0
2015-05-19T00:00:00Z,533.98,540.66,533.04,537.36,1966947.0
2015-05-20T00:00:00Z,538.49,542.92,532.972,539.27,1430826.0
2015-05-21T00:00:00Z,537.95,543.8399,535.98,542.51,1462695.0
2015-05-22T00:00:00Z,540.15,544.19,539.51,540.11,1176214.0
2015-05-26T00:00:00Z,538.12,539.0,529.88,532.32,2406512.0
2015-05-27T00:00:00Z,532.8,540.55,531.71,539.79,1525019.0
2015-05-28T00:00:00Z,538.01,540.61,536.25,539.78,1029849.0
2015-05-29T00:00:00Z,537.37,538.63,531.45,532.11,2597407.0
2015-06-01T00:00:00Z,536.79,536.79,529.76,533.99,1904332.0
2015-06-02T00:00:00Z,532.93,543.0,531.33,539.18,1938989.0
2015-06-03T00:00:00Z,539.91,543.5,537.11,540.31,1717036.0
2015-06-04T00:00:00Z,537.76,540.59,534.32,536.7,1348337.0
2015-06-05T00:00:00Z,536.35,537.2,532.52,533.33,1388220.0
2015-06-08T00:00:00Z,533.31,534.12,526.24,526.83,1524139.0
2015-06-09T00:00:00Z,527.56,529.2,523.01,526.69,1455266.0
2015-06-10T00:00:00Z,529.36,538.36,529.35,536.69,1814958.0
2015-06-11T00:00:00Z,538.425,538.98,533.02,534.61,1217536.0
2015-06-12T00:00:00Z,531.6,533.12,530.16,532.33,955789.0
2015-06-15T00:00:00Z,528.0,528.3,524.0,527.2,1632702.0
2015-06-16T00:00:00Z,528.4,529.6399,525.56,528.15,1071814.0
2015-06-17T00:00:00Z,529.37,530.98,525.1,529.26,1294216.0
2015-06-18T00:00:00Z,531.0,538.15,530.79,536.73,1833109.0
2015-06-19T00:00:00Z,537.21,538.25,533.01,536.69,1893497.0
2015-06-22T00:00:00Z,539.59,543.74,537.53,538.19,1250282.0
2015-06-23T00:00:00Z,539.64,541.499,535.25,540.48,1197450.0
2015-06-24T00:00:00Z,540.0,540.0,535.66,537.84,1286608.0
2015-06-25T00:00:00Z,538.87,540.9,535.23,535.23,1335697.0
2015-06-26T00:00:00Z,537.26,537.76,531.35,531.69,2109130.0
2015-06-29T00:00:00Z,525.01,528.61,520.54,521.52,1937821.0
2015-06-30T00:00:00Z,526.02,526.25,520.5,520.51,2235595.0
2015-07-01T00:00:00Z,524.73,525.69,518.2305,521.84,1961354.0
2015-07-02T00:00:00Z,521.08,524.65,521.08,523.4,1235903.0
2015-07-06T00:00:00Z,519.5,525.25,519.0,522.86,1280525.0
2015-07-07T00:00:00Z,523.13,526.18,515.18,525.02,1597229.0
2015-07-08T00:00:00Z,521.05,522.734,516.11,516.83,1296699.0
2015-07-09T00:00:00Z,523.12,523.77,520.35,520.68,1842347.0
2015-07-10T00:00:00Z,526.29,532.56,525.55,530.13,1956682.0
2015-07-13T00:00:00Z,532.88,547.11,532.4001,546.55,2206475.0
2015-07-14T00:00:00Z,546.76,565.8487,546.71,561.1,3244066.0
2015-07-15T00:00:00Z,560.13,566.5029,556.79,560.22,1784554.0
2015-07-16T00:00:00Z,565.12,580.68,565.0,579.85,4768318.0
2015-07-17T00:00:00Z,649.0,674.468,645.0,672.93,11164943.0
2015-07-20T00:00:00Z,659.24,668.88,653.01,663.02,5860872.0
2015-07-21T00:00:00Z,655.21,673.0,654.3,662.3,3377196.0
2015-07-22T00:00:00Z,660.89,678.64,659.0,662.1,3929309.0
2015-07-23T00:00:00Z,661.27,663.63,641.0,644.28,3029109.0
2015-07-24T00:00:00Z,647.0,648.17,622.52,623.56,3625747.0
2015-07-27T00:00:00Z,621.0,634.3,620.5,627.26,2675381.0
2015-07-28T00:00:00Z,632.83,632.83,623.31,628.0,1727327.0
2015-07-29T00:00:00Z,628.8,633.36,622.65,631.93,1575069.0
2015-07-30T00:00:00Z,630.0,635.22,622.05,632.59,1474203.0
2015-07-31T00:00:00Z,631.38,632.91,625.5,625.61,1706149.0
2015-08-03T00:00:00Z,625.34,633.0556,625.34,631.21,1304511.0
2015-08-04T00:00:00Z,628.42,634.81,627.16,629.25,1490881.0
2015-08-05T00:00:00Z,634.33,647.86,633.16,643.78,2334266.0
2015-08-06T00:00:00Z,645.0,645.379,632.25,642.68,1572600.0
2015-08-07T00:00:00Z,640.23,642.68,629.71,635.3,1403865.0
2015-08-10T00:00:00Z,639.48,643.44,631.249,633.73,1809205.0
2015-08-11T00:00:00Z,669.2,674.9,654.27,660.78,5029203.0
2015-08-12T00:00:00Z,663.08,665.0,652.29,659.56,2940803.0
2015-08-13T00:00:00Z,659.3225,664.5,651.661,656.45,1810749.0
2015-08-14T00:00:00Z,655.01,659.855,652.66,657.12,1072061.0
2015-08-17T00:00:00Z,656.8,661.38,651.24,660.87,1051699.0
2015-08-18T00:00:00Z,661.9,664.0,653.46,656.13,1456059.0
2015-08-19T00:00:00Z,656.6,667.0,654.19,660.9,2134098.0
2015-08-20T00:00:00Z,655.46,662.99,642.9,646.83,2855299.0
2015-08-21T00:00:00Z,639.78,640.05,612.33,612.48,4265183.0
2015-08-24T00:00:00Z,573.0,614.0,565.05,589.61,5770302.0
2015-08-25T00:00:00Z,614.91,617.45,581.11,582.06,3537966.0
2015-08-26T00:00:00Z,610.35,631.71,599.05,628.62,4235891.0
2015-08-27T00:00:00Z,639.4,643.59,622.0,637.61,3491336.0
2015-08-28T00:00:00Z,632.82,636.88,624.56,630.38,1978733.0
2015-08-31T00:00:00Z,627.54,635.8,617.68,618.25,2176737.0
2015-09-01T00:00:00Z,602.36,612.86,594.1,597.79,3702105.0
2015-09-02T00:00:00Z,605.59,614.34,599.71,614.34,2575620.0
2015-09-03T00:00:00Z,617.0,619.71,602.8213,606.25,1759572.0
2015-09-04T00:00:00Z,600.0,603.47,595.25,600.7,2089453.0
2015-09-08T00:00:00Z,612.49,616.31,604.12,614.66,2279538.0
2015-09-09T00:00:00Z,621.22,626.52,609.6,612.72,1702094.0
2015-09-10T00:00:00Z,613.1,624.16,611.43,621.35,1905276.0
2015-09-11T00:00:00Z,619.75,625.78,617.42,625.77,1373545.0
2015-09-14T00:00:00Z,625.7,625.86,619.43,623.24,1702271.0
2015-09-15T00:00:00Z,626.7,638.7,623.78,635.14,2084397.0
2015-09-16T00:00:00Z,635.47,637.95,632.32,635.98,1286454.0
2015-09-17T00:00:00Z,637.79,650.9,635.02,642.9,2274690.0
2015-09-18T00:00:00Z,636.79,640.0,627.02,629.25,5133386.0
2015-09-21T00:00:00Z,634.4,636.49,625.94,635.44,1788506.0
2015-09-22T00:00:00Z,627.0,627.55,615.43,622.69,2562869.0
2015-09-23T00:00:00Z,622.05,628.93,620.0,622.36,1470949.0
2015-09-24T00:00:00Z,616.64,627.32,612.4,625.8,2240098.0
2015-09-25T00:00:00Z,629.77,629.77,611.0,611.97,2174009.0
2015-09-28T00:00:00Z,610.34,614.605,589.38,594.89,3127667.0
2015-09-29T00:00:00Z,597.28,605.0,590.22,594.97,2310284.0
2015-09-30T00:00:00Z,603.28,608.76,600.73,608.42,2413441.0
2015-10-01T00:00:00Z,608.37,612.09,599.85,611.29,1867601.0
2015-10-02T00:00:00Z,607.2,627.34,603.13,626.91,2684805.0
2015-10-05T00:00:00Z,632.0,643.01,627.0,641.47,1803643.0
2015-10-06T00:00:00Z,638.84,649.25,636.5295,645.44,2236847.0
2015-10-07T00:00:00Z,649.24,650.609,632.15,642.36,2092714.0
2015-10-08T00:00:00Z,641.36,644.45,625.56,639.16,2182081.0
2015-10-09T00:00:00Z,640.0,645.99,635.318,643.61,1648736.0
2015-10-12T00:00:00Z,642.09,648.5,639.01,646.67,1276134.0
2015-10-13T00:00:00Z,643.15,657.8125,643.15,652.3,1807685.0
2015-10-14T00:00:00Z,653.21,659.39,648.85,651.16,1415468.0
2015-10-15T00:00:00Z,654.66,663.13,654.46,661.74,1885737.0
2015-10-16T00:00:00Z,664.11,664.97,657.2,662.2,1611128.0
2015-10-19T00:00:00Z,661.18,666.82,659.58,666.1,1477340.0
2015-10-20T00:00:00Z,664.04,664.7197,644.195,650.28,2498215.0
2015-10-21T00:00:00Z,654.15,655.87,641.73,642.61,1794172.0
2015-10-22T00:00:00Z,646.7,657.8,644.01,651.79,4070954.0
2015-10-23T00:00:00Z,727.5,730.0,701.5,702.0,6653923.0
2015-10-26T00:00:00Z,701.55,719.15,701.26,712.78,2716615.0
2015-10-27T00:00:00Z,707.38,713.62,704.55,708.49,2245796.0
2015-10-28T00:00:00Z,707.33,712.98,703.08,712.95,2178917.0
2015-10-29T00:00:00Z,710.5,718.26,710.01,716.92,1455965.0
2015-10-30T00:00:00Z,715.73,718.0,710.05,710.81,1908774.0
2015-11-02T00:00:00Z,711.06,721.62,705.85,721.11,1886250.0
2015-11-03T00:00:00Z,718.86,724.65,714.72,722.16,1565379.0
2015-11-04T00:00:00Z,722.0,733.1,721.9,728.11,1706700.0
2015-11-05T00:00:00Z,729.47,739.48,729.47,731.25,1861550.0
2015-11-06T00:00:00Z,731.5,735.41,727.01,733.76,1511599.0
2015-11-09T00:00:00Z,730.2,734.71,719.43,724.89,2069807.0
2015-11-10T00:00:00Z,724.4,730.59,718.5001,728.32,1607994.0
2015-11-11T00:00:00Z,732.46,741.0,730.23,735.4,1366995.0
2015-11-12T00:00:00Z,731.0,737.8,728.645,731.23,1837154.0
2015-11-13T00:00:00Z,729.17,731.15,716.73,717.0,2075504.0
2015-11-16T00:00:00Z,715.6,729.49,711.33,728.96,1905893.0
2015-11-17T00:00:00Z,729.29,731.845,723.027,725.3,1510903.0
2015-11-18T00:00:00Z,727.58,741.41,727.0,740.0,1684259.0
2015-11-19T00:00:00Z,738.74,742.0,737.43,738.41,1327879.0
2015-11-20T00:00:00Z,746.53,757.92,743.0,756.6,2213284.0
2015-11-23T00:00:00Z,757.45,762.7075,751.82,755.98,1415385.0
2015-11-24T00:00:00Z,752.0,755.279,737.63,748.28,2334197.0
2015-11-25T00:00:00Z,748.14,752.0,746.06,748.15,1122224.0
2015-11-27T00:00:00Z,748.46,753.41,747.49,750.26,838528.0
2015-11-30T00:00:00Z,748.81,754.93,741.27,742.6,2097624.0
2015-12-01T00:00:00Z,747.11,768.95,746.7,767.04,2134621.0
2015-12-02T00:00:00Z,768.9,775.955,758.96,762.38,2230373.0
2015-12-03T00:00:00Z,766.01,768.995,745.63,752.54,2590641.0
2015-12-04T00:00:00Z,753.1,768.49,750.0,766.81,2757283.0
2015-12-07T00:00:00Z,767.77,768.73,755.09,763.25,1812314.0
2015-12-08T00:00:00Z,757.89,764.8,754.2,762.37,1829475.0
2015-12-09T00:00:00Z,759.17,764.23,737.001,751.61,2699990.0
2015-12-10T00:00:00Z,752.85,755.85,743.83,749.46,1988380.0
2015-12-11T00:00:00Z,741.16,745.71,736.75,738.87,2224410.0
2015-12-14T00:00:00Z,741.79,748.73,724.17,747.77,2421236.0
2015-12-15T00:00:00Z,753.0,758.08,743.01,743.4,2666229.0
2015-12-16T00:00:00Z,750.0,760.59,739.435,758.09,1993251.0
2015-12-17T00:00:00Z,762.42,762.68,749.0,749.43,1553418.0
2015-12-18T00:00:00Z,746.51,754.13,738.15,739.31,3148743.0
2015-12-21T00:00:00Z,746.13,750.0,740.0,747.77,1525703.0
2015-12-22T00:00:00Z,751.65,754.85,745.53,750.0,1365520.0
2015-12-23T00:00:00Z,753.47,754.21,744.0,750.31,1566726.0
2015-12-24T00:00:00Z,749.55,751.35,746.62,748.4,527223.0
2015-12-28T00:00:00Z,752.92,762.99,749.52,762.51,1515716.0
2015-12-29T00:00:00Z,766.69,779.98,766.43,776.6,1765012.0
2015-12-30T00:00:00Z,776.6,777.6,766.9,771.0,1293521.0
2015-12-31T00:00:00Z,769.5,769.5,758.34,758.88,1500923.0
2016-01-04T00:00:00Z,743.0,744.06,731.2577,741.84,3272776.0
2016-01-05T00:00:00Z,746.45,752.0,738.64,742.58,1950691.0
2016-01-06T00:00:00Z,730.0,747.18,728.92,743.62,1947034.0
2016-01-07T00:00:00Z,730.31,738.5,719.06,726.39,2963741.0
2016-01-08T00:00:00Z,731.45,733.23,713.0,714.47,2450857.0
2016-01-11T00:00:00Z,716.61,718.855,703.54,716.03,2090621.0
2016-01-12T00:00:00Z,721.68,728.75,717.3165,726.07,2024509.0
2016-01-13T00:00:00Z,730.85,734.74,698.61,700.56,2501730.0
2016-01-14T00:00:00Z,705.38,721.925,689.1,714.72,2225768.0
2016-01-15T00:00:00Z,692.29,706.74,685.37,694.45,3608109.0
2016-01-19T00:00:00Z,703.3,709.98,693.4101,701.79,2268078.0
2016-01-20T00:00:00Z,688.61,706.85,673.26,698.45,3444962.0
2016-01-21T00:00:00Z,702.18,719.19,694.46,706.59,2412211.0
2016-01-22T00:00:00Z,723.6,728.13,720.121,725.25,2011797.0
2016-01-25T00:00:00Z,723.58,729.68,710.01,711.67,1711716.0
2016-01-26T00:00:00Z,713.85,718.28,706.48,713.04,1331691.0
2016-01-27T00:00:00Z,713.67,718.235,694.39,699.99,2194227.0
2016-01-28T00:00:00Z,722.22,733.69,712.35,730.96,2676397.0
2016-01-29T00:00:00Z,731.53,744.9899,726.8,742.95,3474319.0
2016-02-01T00:00:00Z,750.46,757.86,743.27,752.0,5139157.0
2016-02-02T00:00:00Z,784.5,789.8699,764.65,764.65,6348126.0
2016-02-03T00:00:00Z,770.22,774.5,720.5,726.95,6171019.0
2016-02-04T00:00:00Z,722.81,727.0,701.86,708.01,5168709.0
2016-02-05T00:00:00Z,703.87,703.99,680.15,683.57,5105725.0
2016-02-08T00:00:00Z,667.85,684.03,663.06,682.74,4247355.0
2016-02-09T00:00:00Z,672.32,699.9,668.77,678.11,3608914.0
2016-02-10T00:00:00Z,686.86,701.31,682.13,684.12,2638007.0
2016-02-11T00:00:00Z,675.0,689.35,668.8675,683.11,3024043.0
2016-02-12T00:00:00Z,690.26,693.75,678.6,682.4,2141373.0
2016-02-16T00:00:00Z,692.98,698.0,685.05,691.0,2520021.0
2016-02-17T00:00:00Z,699.0,709.75,691.38,708.4,2492634.0
2016-02-18T00:00:00Z,710.0,712.35,696.03,697.35,1883248.0
2016-02-19T00:00:00Z,695.03,703.0805,694.05,700.91,1589281.0
2016-02-22T00:00:00Z,707.45,713.24,702.51,706.46,1949816.0
2016-02-23T00:00:00Z,701.45,708.4,693.58,695.85,2009280.0
2016-02-24T00:00:00Z,688.92,700.0,680.78,699.56,1963573.0
2016-02-25T00:00:00Z,700.01,705.98,690.585,705.75,1642166.0
2016-02-26T00:00:00Z,708.58,713.43,700.86,705.07,2243522.0
2016-02-29T00:00:00Z,700.32,710.89,697.68,697.77,2481145.0
2016-03-01T00:00:00Z,703.62,718.81,699.77,718.81,2151419.0
2016-03-02T00:00:00Z,719.0,720.0,712.0,718.85,1629003.0
2016-03-03T00:00:00Z,718.68,719.45,706.02,712.42,1957974.0
2016-03-04T00:00:00Z,714.99,716.49,706.02,710.89,1972077.0
2016-03-07T00:00:00Z,706.9,708.0912,686.9,695.16,2988026.0
2016-03-08T00:00:00Z,688.59,703.79,685.34,693.97,2076331.0
2016-03-09T00:00:00Z,698.47,705.68,694.0,705.24,1421515.0
2016-03-10T00:00:00Z,708.12,716.44,703.36,712.82,2833525.0
2016-03-11T00:00:00Z,720.0,726.92,717.125,726.82,1970815.0
2016-03-14T00:00:00Z,726.81,735.5,725.15,730.49,1718252.0
2016-03-15T00:00:00Z,726.92,732.29,724.77,728.33,1720965.0
2016-03-16T00:00:00Z,726.37,737.47,724.51,736.09,1624370.0
2016-03-17T00:00:00Z,736.45,743.07,736.0,737.78,1860834.0
2016-03-18T00:00:00Z,741.86,742.0,731.83,737.6,2980709.0
2016-03-21T00:00:00Z,736.5,742.5,733.5157,742.09,1836503.0
2016-03-22T00:00:00Z,737.46,745.0,737.46,740.75,1269749.0
2016-03-23T00:00:00Z,742.36,745.7199,736.15,738.06,1432099.0
2016-03-24T00:00:00Z,732.01,737.747,731.0,735.3,1594891.0
2016-03-28T00:00:00Z,736.79,738.99,732.5,733.53,1301327.0
2016-03-29T00:00:00Z,734.59,747.25,728.76,744.77,1903758.0
2016-03-30T00:00:00Z,750.1,757.88,748.74,750.53,1782427.0
2016-03-31T00:00:00Z,749.25,750.85,740.94,744.95,1718798.0
